sample_idx,0,1,2
0,18.194557785987854,9.712541908025742,17.990930020809174
1,11.820688486099243,15.454908788204193,9.999413549900055
2,14.731601238250732,14.849061369895935,10.621021747589111
3,9.123416364192963,9.235935419797897,14.166207075119019
4,8.140612572431564,13.327108502388,4.621809750795364
5,7.203412503004074,9.05902874469757,7.358723282814026
6,9.199422955513,8.196394562721252,10.459123939275742
7,5.652973636984825,8.348326712846756,7.7734308540821075
8,8.453221440315247,7.878981530666351,7.278740108013153
9,9.88197711110115,10.415414363145828,14.888355910778046
10,14.867758870124817,5.839971140027046,8.337761104106903
11,9.044673025608063,7.041009545326233,14.40451043844223
12,8.61568683385849,9.415743082761765,3.719455063343048
13,10.083466559648514,8.023304522037506,7.991880625486374
14,9.3657585978508,14.625564754009247,5.967690795660019
15,6.84044748544693,15.901954054832458,10.781347751617432
16,11.91828066110611,10.28427529335022,8.184922605752945
17,16.787745535373688,5.360408216714859,9.266356021165848
18,7.96925413608551,8.356321781873703,11.697399377822876
19,12.613865733146667,15.409803628921509,5.374020725488663
20,7.295569032430649,4.9199725687503815,6.594821989536285
21,8.51492303609848,10.749605655670166,11.513469278812408
22,6.82016921043396,7.81175309419632,5.406076654791832
23,10.047373324632645,5.907391399145126,5.720817148685455
24,10.209376901388168,10.444477528333664,4.2075497806072235
25,4.731221333146095,5.245869010686874,4.422757089138031
26,10.301374316215515,8.786699146032333,8.863054603338242
27,10.19513788819313,7.188879102468491,9.169854640960693
28,10.755525946617126,6.6694309413433075,9.043425172567368
29,11.793212831020355,5.678329318761826,6.921022027730942
30,12.295473456382751,13.52372932434082,7.154490977525711
31,5.758587062358856,6.260231018066406,3.6863131523132324
32,9.211840510368347,10.825073957443237,14.79804903268814
33,9.562414944171906,11.394790232181549,8.76997321844101
34,12.933652997016907,8.672586619853973,8.581407934427261
35,8.097102969884872,4.889303550124168,11.37066787481308
36,6.1520006358623505,6.57140451669693,8.316687107086182
37,10.52532011270523,13.232924401760101,6.805202335119247
38,5.109019383788109,11.127626657485962,27.120287895202637
39,11.69712221622467,10.730292320251465,5.740429729223251
40,10.378573536872864,4.599510282278061,14.270120739936829
41,18.08246660232544,9.37391260266304,7.889078676700592
42,9.207247734069824,8.539665251970291,16.84226769208908
43,14.38126677274704,13.112076103687286,7.439274340867996
44,5.072512999176979,10.320681363344193,15.96466875076294
45,14.627366125583649,11.202967584133148,9.860147565603256
46,4.658010095357895,20.59007179737091,8.282287359237671
47,9.609228432178497,12.809826731681824,7.1838027238845825
48,5.3127270340919495,9.158621221780777,5.24827116727829
49,7.597063809633255,9.548796147108078,9.980110973119736
50,19.33754050731659,5.510433912277222,5.486535161733627
51,11.15668898820877,5.358270213007927,5.769325524568558
52,8.597077310085297,8.88276144862175,9.605435699224472
53,7.933865427970886,11.590486288070679,10.896312445402145
54,12.891809165477753,7.311436772346497,10.648005604743958
55,16.385847449302673,15.098151743412018,4.599520847201347
56,10.208478093147278,15.134580850601196,13.279288828372955
57,19.55557656288147,14.716530323028564,14.3182053565979
58,5.028641581535339,13.79502248764038,13.030899405479431
59,10.9608795940876,9.366594642400742,6.397606313228607
60,10.21216470003128,6.6670724749565125,11.492875218391418
61,4.897062584757805,9.546140938997269,7.520789623260498
62,7.757204979658127,7.310237437486649,14.182717859745026
63,11.209471136331558,12.415188193321228,5.346088916063309
64,5.952894493937492,16.827914237976074,5.877796873450279
65,8.475268363952637,13.058219492435455,9.725325673818588
66,7.228924512863159,7.18026402592659,6.932522922754288
67,12.751290738582611,10.801606267690659,9.081357628107071
68,12.82450395822525,11.545121282339096,11.23991185426712
69,9.82926607131958,4.156498119235039,7.134441703557968
70,8.793194979429245,5.136931583285332,10.993858337402344
71,11.336571753025055,10.697236239910126,8.780176877975464
72,15.46666705608368,5.227393329143524,9.425478041172028
73,8.086732178926468,5.949289947748184,8.31567758321762
74,10.577243328094482,14.249733924865723,6.227548569440842
75,6.883135229349136,11.920248866081238,8.115896433591843
76,5.3845765590667725,6.48507784307003,10.051830381155014
77,10.702535510063171,12.716299831867218,12.612071871757507
78,9.688497304916382,10.363002359867096,12.882859587669373
79,9.489938914775848,10.907539188861847,3.442085012793541
80,3.9533606842160225,5.945394366979599,5.39055261015892
81,10.397308886051178,8.553685903549194,8.415248692035675
82,10.516000419855118,7.523564726114273,6.61095529794693
83,7.18283486366272,10.008607268333435,16.04729413986206
84,6.805277526378632,7.6211861073970795,6.728710323572159
85,8.058479756116867,10.226711720228195,6.951452523469925
86,17.56392937898636,17.173627972602844,10.92289823293686
87,13.551181137561798,9.755153954029083,10.097833752632141
88,5.1028133779764175,11.722588300704956,12.203729808330536
89,8.024574905633926,20.218639731407166,12.919972956180573
90,11.403369426727295,5.36795100569725,5.023088574409485
91,8.487990915775299,16.98508793115616,6.524417072534561
92,13.545738995075226,10.800451040267944,12.833759129047394
93,7.832240253686905,8.889940470457077,6.5047367215156555
94,6.480226635932922,10.048409402370453,15.089661598205566
95,13.253340005874634,9.124875456094742,10.741171151399612
96,5.976813197135925,12.75668865442276,7.318934381008148
97,6.037004441022873,12.822705686092377,6.048044502735138
98,8.480417400598526,10.316659390926361,12.461517870426178
99,15.427628874778748,7.628505825996399,11.4093376994133
100,9.101757109165192,3.8176279440522194,4.949334919452667
101,11.514419257640839,10.444363385438919,5.609625548124313
102,14.789621829986572,8.405988365411758,10.20800206065178
103,5.196159347891808,7.180858999490738,7.720997929573059
104,9.705309957265854,9.81491294503212,7.089105665683746
105,7.928426653146744,11.30806964635849,9.191809713840485
106,9.287497848272324,12.666227340698242,15.927781105041504
107,15.348525166511536,10.861134648323059,6.116630509495735
108,9.4552743434906,5.470936208963394,8.869777888059616
109,10.198239475488663,11.227957487106323,9.31347805261612
110,10.830900400876999,5.618701353669167,9.893373817205429
111,13.542090058326721,7.184371262788773,8.56785535812378
112,8.589675813913345,8.554046154022217,5.180316969752312
113,6.064314395189285,9.465413868427277,2.6838803961873055
114,13.456326365470886,12.527337551116943,5.787918597459793
115,12.983701527118683,6.7313531041145325,4.0615827441215515
116,10.322332471609116,4.2402414828538895,13.472407937049866
117,9.888615876436234,16.967566907405853,6.322499930858612
118,8.593229562044144,7.505828380584717,3.7572742104530334
119,23.103514790534973,5.190942734479904,6.419979900121689
120,6.721786439418793,4.43669880926609,11.264092743396759
121,6.353964611887932,8.668844193220139,6.533595889806747
122,12.484691500663757,11.90368777513504,8.788632452487946
123,11.727269858121872,5.629408165812492,16.039477050304413
124,13.691433191299438,4.6274019330739975,9.604487717151642
125,9.987804859876633,7.697400659322739,6.835530787706375
126,5.621065363287926,22.632083415985107,6.926790475845337
127,8.5306855738163,14.088400483131409,4.284466594457626
128,4.709279879927635,4.895240366458893,3.408998556435108
129,7.669677495956421,6.906016379594803,8.416720539331436
130,12.108824610710144,13.494992673397064,4.095861703157425
131,6.0886437594890594,10.502117425203323,5.513668194413185
132,6.969051659107208,18.85528391599655,7.2927952110767365
133,9.111931443214417,6.784644827246666,6.085747510194778
134,8.168811559677124,6.555515617132187,6.9277468621730804
135,13.191375136375427,12.736039757728577,4.757439821958542
136,10.669094324111938,4.748142182826996,7.86537379026413
137,5.720656394958496,4.356601417064667,6.579582959413528
138,12.673955857753754,8.744724661111832,7.310753017663956
139,8.020413011312485,7.284692168235779,5.631074756383896
140,10.515425503253937,9.099194079637527,11.52492269873619
141,7.011247485876083,6.081214874982834,7.961226224899292
142,9.125273704528809,8.306045949459076,11.71171748638153
143,11.845177829265594,6.238788574934006,14.893145382404327
144,6.677586853504181,5.201714128255844,6.03810741007328
145,12.519573152065277,5.262955471873283,9.436335176229477
146,11.080323100090027,5.542634889483452,9.194518238306046
147,10.909633070230484,15.267141342163086,10.010778665542603
148,12.489013612270355,12.56775313615799,7.731624811887741
149,13.122600853443146,8.80069750547409,7.635295748710632
150,8.218969881534576,13.704804837703705,9.672556430101395
151,13.317817032337189,11.626954734325409,8.589074611663818
152,10.980430841445923,10.543606877326965,12.35018765926361
153,9.300576388835907,8.101643681526184,12.33920031785965
154,10.386238008737564,9.281487733125687,10.202468514442444
155,10.6466184258461,8.007590055465698,8.691797137260437
156,7.683252990245819,10.985127449035645,16.37087106704712
157,11.597732841968536,7.102705538272858,8.601746916770935
158,6.716033905744553,6.522453159093857,8.443534463644028
159,13.292096197605133,11.20526397228241,5.903404206037521
160,6.954066157341003,20.738061547279358,6.628825172781944
161,12.36917495727539,4.0031611025333405,6.349254310131073
162,6.301911100745201,11.05089956521988,8.798831224441528
163,7.657665342092514,6.769924104213715,7.494690179824829
164,13.585100173950195,4.3271341770887375,7.391554415225983
165,17.036201179027557,9.26903212070465,11.772470474243164
166,11.657918453216553,15.23629915714264,5.10143668949604
167,7.376751393079758,7.828286379575729,9.728449761867523
168,12.401109039783478,14.875283002853394,12.724358081817627
169,9.272799581289291,9.034109592437744,9.156945794820786
170,6.081436485052109,6.694857478141785,15.207331240177155
171,5.335983991622925,9.829081565141678,5.218936651945114
172,7.341921746730804,9.542027533054352,6.630338490009308
173,7.243482202291489,5.385306879878044,9.888539642095566
174,8.551604479551315,5.907061845064163,15.33649492263794
175,7.05037859082222,9.210987865924835,9.029149740934372
176,4.95456326007843,7.425037831068039,5.799218565225601
177,10.964157462120056,11.970241963863373,9.653705537319183
178,7.035438597202301,9.502725630998611,4.1740347146987915
179,7.382088869810104,5.309275284409523,3.698017582297325
180,9.914657354354858,10.655913770198822,14.394767224788666
181,11.103911936283112,9.262492686510086,6.191829323768616
182,10.345096409320831,15.039168298244476,6.387376815080643
183,8.465234935283661,9.50093138217926,7.786116778850555
184,8.347053676843643,10.174840807914734,6.289204925298691
185,9.690830916166306,5.263820216059685,8.953437864780426
186,5.647969976067543,8.650459557771683,8.830159604549408
187,11.818265914916992,10.443297684192657,11.090387642383575
188,8.455778658390045,5.65016470849514,13.335287153720856
189,11.620444238185883,25.290525794029236,12.018226563930511
190,11.372960090637207,16.008280515670776,5.918026968836784
191,13.480496168136597,4.472728416323662,6.046882182359695
192,11.506905198097229,10.643672049045563,12.146715521812439
193,9.787027329206467,11.715923756361008,9.045932829380035
194,9.832963913679123,9.121360421180725,8.256470292806625
195,14.67467325925827,10.424518585205078,5.401435390114784
196,10.45786714553833,9.493344724178314,4.768800795078278
197,8.764935106039047,8.934714585542679,6.431717187166214
198,9.841476261615753,7.17826583981514,9.171877324581146
199,8.885139286518097,13.130478382110596,7.505499750375748
200,10.321474701166153,22.956972122192383,9.50021630525589
201,8.922938078641891,9.57567822933197,12.088945925235748
202,11.130455076694489,15.884740054607391,10.226109236478806
203,13.103819251060486,8.448812931776047,6.130878895521164
204,9.733931183815002,8.435034096240997,9.039162516593933
205,8.790388196706772,14.215024471282959,6.5716531574726105
206,8.485225409269333,4.9705618768930435,9.114415943622589
207,12.382936835289001,7.738944977521896,8.262513250112534
208,9.245253056287766,6.352802127599716,5.0247970670461655
209,11.39646291732788,9.668944776058197,6.81569966673851
210,10.506677448749542,7.508641868829727,6.148296564817429
211,7.3210176676511765,17.700203001499176,4.50874562561512
212,9.150187760591507,6.209699779748917,7.246631056070328
213,7.183506518602371,8.140017181634903,9.393149107694626
214,9.434344619512558,7.3870411813259125,10.668532311916351
215,7.536088168621063,6.557191342115402,6.956695020198822
216,10.029406130313873,9.594709247350693,5.7279810309410095
217,10.751062273979187,13.107769072055817,6.6613317131996155
218,7.788922518491745,20.35428547859192,4.826545715332031
219,11.239733517169952,9.229015469551086,11.43853384256363
220,8.008269667625427,4.978391334414482,8.557059466838837
221,9.803323090076447,4.224455952644348,10.563117265701294
222,10.937512218952179,17.01814466714859,8.000381410121918
223,12.986027121543884,19.389710187911987,6.013512566685677
224,9.901304125785828,18.309316992759705,7.298684537410736
225,8.713795632123947,9.469542324543,5.9443327486515045
226,8.899513483047485,14.035903513431549,11.267716646194458
227,8.320806801319122,10.612787902355194,14.190890073776245
228,20.322817981243134,5.227088779211044,9.109002321958542
229,5.184659466147423,7.387917309999466,5.148946583271027
230,8.462819337844849,9.052981525659561,6.870793879032135
231,4.811501458287239,7.894181907176971,6.567569136619568
232,5.977874472737312,5.7212419509887695,5.432206138968468
233,10.733866840600967,12.39967155456543,3.5348265916109085
234,6.329387992620468,17.115703105926514,13.257727086544037
235,12.003235936164856,14.270969271659851,3.687582790851593
236,6.115482538938522,4.009919881820679,9.065635859966278
237,12.865696430206299,3.98480886220932,8.48469078540802
238,7.179863065481186,8.80471184849739,11.566813886165619
239,6.638032451272011,5.851621359586716,5.193958550691605
240,6.753183126449585,13.870652318000793,9.723557382822037
241,9.261383295059204,8.057384341955185,11.477417171001434
242,7.774561733007431,9.60034555196762,6.0605579018592834
243,9.084050327539444,4.807591080665588,3.4387089908123016
244,7.547051846981049,15.665743470191956,5.953528553247452
245,6.7120208740234375,8.379487454891205,5.420111954212189
246,6.413324356079102,10.858506560325623,16.022993445396423
247,5.8767764419317245,5.158666476607323,9.466346651315689
248,8.497176170349121,6.0772354900836945,11.972956478595734
249,7.51789516210556,4.0324423760175705,4.364305198192596
250,10.818485379219055,5.440703123807907,5.5127478539943695
251,8.13033041357994,3.327685423195362,8.019640862941742
252,9.12281396985054,12.897919952869415,3.9598464369773865
253,9.206622838973999,12.520063400268555,7.866670787334442
254,9.090515166521072,9.344114601612091,10.12650915980339
255,8.898042410612106,7.843989968299866,6.446256130933762
256,13.255239486694336,9.22233384847641,7.6985979080200195
257,6.252770736813545,13.103087902069092,10.019915878772736
258,7.899536371231079,9.480108439922333,8.866412431001663
259,10.803835093975067,8.945563614368439,8.06693720817566
260,8.602078586816788,7.655442625284195,12.9775710105896
261,10.321403056383133,14.086272776126862,12.206448018550873
262,6.2644204050302505,7.686075180768967,8.900157004594803
263,8.193903625011444,7.009996592998505,4.412508651614189
264,10.544738113880157,9.723686903715134,10.966716408729553
265,6.256553366780281,7.49647581577301,6.79990753531456
266,5.936360314488411,7.552306592464447,5.478965073823929
267,5.7878163158893585,7.921327978372574,8.759721100330353
268,8.728594273328781,14.779350459575653,5.261325776576996
269,6.41528132557869,6.095528200268745,7.055950433015823
270,9.501878648996353,12.504202723503113,4.419288277626038
271,11.28129893541336,8.184179723262787,8.144907057285309
272,5.51987124979496,6.378649175167084,12.36187356710434
273,7.938666194677353,6.644441485404968,7.170929282903671
274,8.058969020843506,8.631000608205795,4.212096408009529
275,9.67235752940178,7.529466509819031,11.569460928440094
276,12.332817018032074,7.106816202402115,9.879799038171768
277,8.508480340242386,9.892478972673416,8.38017213344574
278,12.433454513549805,14.163140058517456,13.533996880054474
279,8.798614710569382,14.237877368927002,9.562823623418808
280,7.599823951721191,8.122114032506943,9.513526916503906
281,15.288373827934265,11.031298995018005,10.672281622886658
282,12.552644073963165,10.442642748355865,3.8329548090696335
283,23.25283169746399,13.776945173740387,8.92131918668747
284,13.818337500095367,8.044371038675308,7.248990684747696
285,9.7611363530159,10.385334730148315,10.472358614206314
286,10.824250668287277,9.053740680217743,10.058821350336075
287,11.104472815990448,8.052161008119583,9.206852376461029
288,6.715317964553833,9.249342650175095,9.286105543375015
289,9.461898773908615,5.193869709968567,9.352823972702026
290,8.36620518565178,10.939914226531982,12.65354973077774
291,8.921955674886703,5.666469842195511,4.47539359331131
292,15.254439532756805,13.964382886886597,7.909639239311218
293,8.74597093462944,9.934748739004135,8.32567709684372
294,10.815350145101547,9.740006178617477,8.50020968914032
295,9.359358876943588,10.571706771850586,8.781801015138626
296,9.325459986925125,4.4257282465696335,7.17343682050705
297,5.806575328111649,7.341179072856903,10.044830024242401
298,11.744289129972458,6.463226467370987,10.340231776237488
299,10.220967203378677,9.554302453994751,8.39100781083107
300,6.4683003425598145,7.841027557849884,9.914863526821136
301,8.617658406496048,12.414306461811066,5.665983393788338
302,5.444250628352165,9.852900803089142,8.47349539399147
303,8.42887756228447,12.083522975444794,8.48967844247818
304,9.841569572687149,6.705691993236542,5.881411492824554
305,10.204233586788177,7.88825449347496,12.956579327583313
306,9.922329694032669,6.401870399713516,6.24272195994854
307,11.650179922580719,8.095481812953949,4.609938487410545
308,9.976831793785095,24.05985277891159,5.499967873096466
309,19.6450337767601,10.627309560775757,8.556543827056885
310,20.227909207344055,12.717523634433746,11.87118685245514
311,9.224769681692123,8.839333564043045,7.376968502998352
312,6.046748578548431,9.401815444231033,6.128458201885223
313,8.307034760713577,12.264659404754639,9.216534823179245
314,13.320393443107605,15.211330950260162,13.686513423919678
315,8.041522234678268,5.04600602388382,7.304935783147812
316,8.804192274808884,6.654328495264053,5.362937688827515
317,7.876000910997391,6.362187623977661,10.077184170484543
318,6.859802484512329,9.113075256347656,9.652893900871277
319,11.931266248226166,11.927557408809662,10.618812054395676
320,8.655741810798645,12.391275763511658,10.832681238651276
321,8.921577841043472,13.305079817771912,8.70414787530899
322,6.53265255689621,11.111287653446198,10.591507196426392
323,8.911428213119507,9.12950012087822,14.098338603973389
324,21.930165767669678,8.273756265640259,10.167018175125122
325,10.291184484958649,11.044825196266174,9.002297222614288
326,8.479230612516403,8.262618869543076,7.239100128412247
327,10.104097694158554,7.477941453456879,6.84774386882782
328,16.168968439102173,7.504520922899246,7.044008374214172
329,11.546144008636475,13.526103436946869,12.774641990661621
330,7.1353480219841,9.310276597738266,5.731017157435417
331,14.34629362821579,8.9759960770607,7.546517789363861
332,12.158882200717926,11.694763362407684,11.187171578407288
333,9.194563537836075,10.725788414478302,8.640216439962387
334,5.965552389621735,10.339271664619446,9.046462655067444
335,5.378184586763382,16.6419734954834,12.789103090763092
336,5.585174798965454,10.34948194026947,4.567805677652359
337,8.479797601699829,5.40257728099823,6.786883890628815
338,7.361256778240204,17.228772163391113,7.379889041185379
339,6.8736026883125305,7.481639802455902,9.119686841964722
340,7.116038203239441,3.903161257505417,5.353256106376648
341,21.610264778137207,4.309429690241814,9.64706665277481
342,5.532529890537262,4.126446187496185,7.667222797870636
343,27.516379833221436,4.489109590649605,12.819781124591827
344,10.038625568151474,11.213045477867126,11.499234676361084
345,9.447923868894577,15.568257331848145,10.211940318346024
346,7.0475587248802185,5.910957410931587,7.251872718334198
347,8.571278154850006,15.195114195346832,16.467545092105865
348,9.557594746351242,14.312503278255463,6.544928967952728
349,9.722729206085205,16.175337493419647,11.564545452594757
350,6.342551678419113,5.5135815888643265,12.684941053390503
351,6.297710284590721,16.385377645492554,9.841447442770004
352,11.6481294631958,12.847461819648743,7.924607753753662
353,10.70436117053032,25.483635187149048,8.596022129058838
354,8.127210676670074,9.784197717905045,6.725346595048904
355,8.38706523180008,9.01866963505745,10.12263572216034
356,14.3783038854599,5.352656215429306,7.027951151132584
357,10.299676597118378,7.524619609117508,11.820071876049042
358,15.414725959300995,9.71019160747528,11.839255571365356
359,7.3447292149066925,13.706780672073364,5.2812797874212265
360,9.758425831794739,16.506152153015137,11.73157113790512
361,8.633197128772736,12.447087228298187,9.870850920677185
362,10.968898326158524,12.354337096214294,11.215959787368774
363,22.914066433906555,11.476054430007935,9.623291492462158
364,12.40827190876007,5.102809548377991,6.708392083644867
365,9.938759595155716,11.126050770282745,12.959322810173035
366,12.513422071933746,12.7081059217453,13.107956945896149
367,10.512119889259338,10.212930738925934,6.842560678720474
368,19.80552041530609,9.121355414390564,6.264645457267761
369,10.761614859104156,4.3000478297472,6.191166281700134
370,9.55417001247406,14.124772310256958,6.979811877012253
371,10.160398483276367,7.197170704603195,4.12634451687336
372,7.06695818901062,8.011607110500336,12.243289768695831
373,8.341045171022415,9.667205035686493,10.793551445007324
374,4.947438299655914,9.232087433338165,7.694078475236893
375,7.515670716762543,8.425020396709442,5.825945973396301
376,8.047291338443756,8.509745627641678,8.746396243572235
377,10.9513680934906,3.4686441868543625,9.67912432551384
378,11.022420316934586,7.42359659075737,8.61153793334961
379,7.943626374006271,7.366548418998718,7.108209788799286
380,10.319366604089737,8.463846653699875,10.827796280384064
381,7.049809902906418,10.13888430595398,7.964149743318558
382,13.234959661960602,5.479285821318626,18.066501438617706
383,8.71032702922821,6.37332957983017,14.378227353096008
384,6.390348374843597,8.26642256975174,9.411069929599762
385,6.159970164299011,7.507407963275909,14.055886268615723
386,5.9304410219192505,10.589744627475739,9.147537648677826
387,10.368073433637619,8.660698980093002,8.19642749428749
388,11.68229392170906,11.038139462471008,8.079906284809113
389,6.277834966778755,4.20961594581604,8.888954937458038
390,12.243697166442871,7.51062548160553,9.567517876625061
391,8.8533496260643,5.776650130748749,9.756942391395569
392,8.717486172914505,12.559408783912659,13.21660190820694
393,9.145719796419144,13.381751835346222,9.076359033584595
394,5.142793118953705,8.778171956539154,6.795884728431702
395,10.953461706638336,9.930055171251297,9.849629044532776
396,12.207291960716248,13.661181330680847,11.920943677425385
397,14.139324247837067,6.717580258846283,3.0182522386312485
398,8.11257740855217,4.629601061344147,7.381423711776733
399,5.275846034288406,7.683475375175476,8.162668764591217
400,9.282813161611557,6.994843900203705,3.434943363070488
401,5.264806494116783,8.103516340255737,6.245406270027161
402,6.667674690485001,4.312572225928307,6.3653291165828705
403,6.912603572010994,7.126580506563187,5.82645183801651
404,7.640313267707825,10.788085699081421,7.580421358346939
405,9.59392723441124,7.18062698841095,6.47908142209053
406,9.307485520839691,11.73378700017929,3.5200109109282494
407,7.063707306981087,10.789977729320526,7.976182460784912
408,11.334009349346161,11.049018740653992,7.430895805358887
409,15.146953105926514,14.88718968629837,5.647148847579956
410,7.769923657178879,7.335925847291946,8.612714439630508
411,12.145394623279572,8.93701946735382,16.464353263378143
412,11.427137792110443,20.990581452846527,9.33559387922287
413,7.451756417751312,7.823583692312241,11.332610666751862
414,10.757408916950226,4.079478666186333,9.309254318475723
415,9.152057021856308,3.3486559838056564,5.7182488441467285
416,7.723116368055344,3.0725033283233643,7.792796581983566
417,9.46918711066246,6.296743243932724,9.6295605301857
418,10.067280888557434,19.138330042362213,9.692194670438766
419,7.414700388908386,6.249627113342285,4.543136298656464
420,6.515045657753944,8.884365320205688,6.033451467752457
421,7.921549409627914,5.477772459387779,4.579809814691544
422,8.78877255320549,10.163404077291489,8.870556831359863
423,7.057172656059265,7.160170525312424,3.265409715473652
424,9.63495945930481,4.675235718488693,11.830210208892822
425,11.279338300228119,9.619824856519699,4.732598260045052
426,11.999801516532898,12.03352028131485,21.863812685012817
427,15.697324097156525,9.735666751861572,5.714213073253632
428,10.988857924938202,13.928404748439789,6.23605877161026
429,9.350521504878998,13.156145989894867,15.793279349803925
430,11.72082531452179,10.968169748783112,8.070715814828873
431,8.426809698343277,9.532296806573868,7.924296259880066
432,13.91595333814621,6.915565073490143,7.68126106262207
433,6.94873708486557,6.139680832624435,6.6495345532894135
434,7.082247585058212,7.235472857952118,12.110426664352417
435,7.61213943362236,8.687008619308472,8.952110558748245
436,7.950130015611649,10.510307848453522,7.357638746500015
437,16.212723910808563,7.279929965734482,5.8298627734184265
438,10.270110338926315,11.464085340499878,8.209431111812592
439,10.422975897789001,9.128770411014557,10.750182867050171
440,6.84634704887867,10.118001222610474,10.478682935237885
441,14.160082638263702,10.379689007997513,5.300264343619347
442,11.062245070934296,13.048983871936798,10.79224145412445
443,8.989678412675858,10.6209037899971,14.389307618141174
444,12.435345947742462,6.851932615041733,9.055657356977463
445,8.901469022035599,7.819463759660721,8.902203023433685
446,11.438509166240692,10.679767310619354,14.162237465381622
447,17.25566017627716,11.237979710102081,8.540008455514908
448,12.753069400787354,6.009550720453262,7.967374175786972
449,12.551162362098694,13.418584644794464,14.113366603851318
450,19.46717369556427,10.594862043857574,10.61361849308014
451,12.906300723552704,9.774847894906998,11.589153945446014
452,8.601720184087753,11.047707080841064,8.226623803377151
453,12.145663499832153,5.926209956407547,13.02600246667862
454,8.508702248334885,10.283401608467102,3.628421165049076
455,7.236722558736801,8.566791117191315,3.2924672067165375
456,6.907829940319061,7.883699417114258,8.085491925477982
457,5.46849524974823,5.659874886274338,12.901282012462616
458,9.787075757980347,11.581813514232635,7.303900092840195
459,13.855741560459137,15.57152509689331,13.569328546524048
460,6.715009123086929,12.76514357328415,10.404086112976074
461,12.158674359321594,4.6396797597408295,10.130679070949554
462,5.01934939622879,12.07493257522583,9.424586683511734
463,12.218697547912598,6.611036062240601,8.146166294813156
464,12.554584860801697,9.401603251695633,7.960725277662277
465,6.80219379067421,19.611847758293152,9.601967751979828
466,8.415950357913971,13.821393966674805,5.606163486838341
467,12.678801119327545,5.809450671076775,6.419900804758072
468,9.892066299915314,8.187452346086502,9.529399067163467
469,12.30386620759964,11.58344280719757,13.722233831882477
470,9.797392159700394,10.469272553920746,12.405245423316956
471,7.797650843858719,14.630885064601898,10.186414182186127
472,9.975264221429825,8.385654479265213,4.801711842417717
473,11.097048908472061,10.313034117221832,13.115902423858643
474,7.919296473264694,11.665480196475983,4.976592808961868
475,10.070520550012589,14.086342215538025,7.523396790027618
476,6.681081920862198,5.954561531543732,9.152939200401306
477,5.159291639924049,11.511878728866577,6.460109293460846
478,11.837747871875763,10.644388765096664,7.50283870100975
479,7.521180987358093,6.068763583898544,7.679897338151932
480,8.55828782916069,8.750435531139374,5.511909052729607
481,7.754418462514877,9.014531522989273,5.189907401800156
482,8.657628029584885,10.499463319778442,14.623620510101318
483,11.429322600364685,8.558544486761093,7.917553812265396
484,9.757783144712448,11.493776500225067,8.349007427692413
485,9.893942087888718,10.315467923879623,8.045947939157486
486,10.581493020057678,18.743580281734467,7.527070164680481
487,8.64096024632454,13.00282335281372,8.764491200447083
488,8.85328558087349,6.700764209032059,9.92396628856659
489,8.233343124389648,10.824452340602875,8.26721802353859
490,8.519574642181396,6.025384679436684,7.971544861793518
491,10.716591536998749,10.598286032676697,9.940689116716385
492,12.815549612045288,6.11901918053627,11.300000607967377
493,10.359497874975204,8.702656894922256,7.285933464765549
494,9.748817026615143,6.975651741027832,8.742272138595581
495,6.708022758364677,7.663697451353073,9.050287127494812
496,8.360700398683548,13.048159778118134,12.289232552051544
497,11.51901525259018,11.748261749744415,15.241541922092438
498,5.802364140748978,8.302224099636078,5.218120127916336
499,7.9135443568229675,11.306473135948181,11.23308527469635
500,10.25256097316742,6.173508241772652,9.68885463476181
501,8.016284793615341,7.3390932977199554,7.504494547843933
502,7.300358176231384,8.801549315452576,7.129602700471878
503,11.031212538480759,10.013961493968964,12.157728016376495
504,12.054334700107574,6.037528410553932,6.7470263838768005
505,13.429217219352722,14.628281950950623,17.0706484913826
506,6.875807225704193,20.61480724811554,6.544587999582291
507,14.447128295898438,9.10414469242096,9.539126485586166
508,7.524414360523224,9.531353116035461,5.9352816343307495
509,5.328357055783272,11.851014077663422,8.702718496322632
510,12.822730481624603,5.251458927989006,5.213613986968994
511,8.29472678899765,6.939102232456207,10.403674364089966
512,10.95248818397522,5.508985087275505,8.49960932135582
513,13.960842609405518,10.604759871959686,10.213644862174988
514,5.582460552453995,16.99249756336212,7.081243187189102
515,8.560502618551254,10.562084376811981,11.07382982969284
516,6.53122091293335,9.42221400141716,9.188401609659195
517,10.426937401294708,6.40042182803154,11.02805781364441
518,12.174703240394592,10.765916883945465,6.902314245700836
519,7.703082978725433,14.38393121957779,12.540420055389404
520,7.192937195301056,13.941238164901733,7.780833959579468
521,9.702308535575867,3.920301303267479,5.240879520773888
522,11.529453337192535,10.963700532913208,9.113202661275864
523,8.401834547519684,13.988593518733978,12.675105452537537
524,12.240859270095825,16.109919488430023,13.266051590442657
525,9.987121105194092,15.93819010257721,8.187454104423523
526,13.229705214500427,4.491610109806061,7.684750497341156
527,10.50946369767189,8.638985961675644,7.907021909952164
528,11.265577912330627,9.49855637550354,18.180110275745392
529,9.475597262382507,10.337270259857178,5.181578680872917
530,6.658642560243607,6.567098826169968,10.5662582218647
531,6.429067865014076,6.955144464969635,20.01448082923889
532,30.075822234153748,7.318876028060913,10.869483649730682
533,7.202857166528702,6.829195111989975,22.636263847351074
534,10.588957458734512,7.683015823364258,9.659261167049408
535,9.626688152551651,8.7524573802948,7.457937628030777
536,8.391060054302216,7.512048006057739,7.023353695869446
537,6.176211386919022,9.493515461683273,6.048763245344162
538,10.073311299085617,5.123389154672623,8.044877976179123
539,7.643405497074127,4.588169366121292,6.38086399435997
540,8.283923268318176,6.532654374837875,8.040238589048386
541,10.400614470243454,8.402625352144241,9.772863447666168
542,11.31244096159935,11.174463927745819,10.67323213815689
543,9.14872345328331,9.558459490537643,8.37054193019867
544,8.236256659030914,18.525833070278168,4.538492575287819
545,8.790897965431213,6.9907070100307465,9.547426104545593
546,8.838620513677597,6.383778989315033,7.001932203769684
547,8.271866112947464,5.545525878667831,6.635742127895355
548,7.822874456644058,10.218897193670273,4.702960208058357
549,8.77819138765335,5.755352541804314,7.616472512483597
550,11.140464395284653,10.570375323295593,10.798939883708954
551,11.021003723144531,6.191162288188934,5.697897434234619
552,10.520518153905869,5.416692852973938,5.812618464231491
553,5.892421171069145,7.225264996290207,6.577466011047363
554,8.1842320561409,8.17384022474289,9.419881224632263
555,13.412413001060486,11.592551350593567,12.605586290359497
556,8.583849251270294,12.214470088481903,10.849132478237152
557,10.077919960021973,6.875376492738724,7.97637352347374
558,13.700508952140808,6.071653336286545,4.29276978969574
559,7.391022205352783,8.830220073461533,14.223324060440063
560,6.530838429927826,4.5087863355875015,7.338678389787674
561,12.911245822906494,5.866988629102707,8.835100293159485
562,13.218390345573425,14.791277527809143,11.010081946849823
563,8.141992330551147,8.249272108078003,10.698456466197968
564,12.772648274898529,8.425072073936462,9.04500663280487
565,6.522221177816391,8.02755931019783,4.835727840662003
566,8.524734199047089,5.6923940777778625,6.01061749458313
567,8.605496555566788,8.868613928556442,7.8605155646800995
568,6.342918708920479,8.694265276193619,6.430477887392044
569,5.006525859236717,4.2811077535152435,7.258374035358429
570,8.503882586956024,6.148849278688431,8.686350852251053
571,7.2067693173885345,7.691467463970184,8.394247502088547
572,6.517947465181351,11.056193590164185,5.402596116065979
573,7.065756440162659,10.228121906518936,7.606591612100601
574,8.095403105020523,11.546690165996552,5.50197359919548
575,9.146564453840256,7.913486838340759,8.285663038492203
576,7.123862266540527,8.797903954982758,12.592210054397583
577,9.839461863040924,10.229652851819992,13.10187703371048
578,7.823653131723404,9.759364306926727,9.475243628025055
579,7.3623659908771515,7.37923926115036,12.275007247924805
580,7.955723941326141,6.459348142147064,5.3501691073179245
581,8.876664251089096,6.7510048151016235,5.883170545101166
582,9.729440659284592,3.780372530221939,11.12165242433548
583,10.438552439212799,5.385977819561958,10.908798635005951
584,8.151537507772446,8.958304077386856,9.87479081749916
585,8.02084356546402,5.088678136467934,9.50416961312294
586,8.439385801553726,8.355034172534943,8.112284928560257
587,8.926244348287582,8.949980467557907,13.19215440750122
588,8.63148820400238,7.237608999013901,7.928589850664139
589,12.245798468589783,14.290125966072083,12.285645067691803
590,7.901896268129349,6.819852828979492,11.770873069763184
591,6.424013897776604,9.665234863758087,12.20582526922226
592,9.678082197904587,7.119375437498093,16.729288816452026
593,9.605273127555847,5.6904750764369965,10.153869211673737
594,8.023041844367981,8.249716013669968,4.4885075986385345
595,8.547120094299316,22.054458141326904,9.017507463693619
596,11.930039048194885,6.727269381284714,4.3348163813352585
597,10.205864071846008,9.138333559036255,4.675891935825348
598,9.630950808525085,10.232449293136597,20.003408074378967
599,11.089342534542084,8.699979901313782,5.119298234581947
600,16.170672237873077,6.147244304418564,16.094919443130493
601,5.572884246706963,9.738701730966568,6.739398539066315
602,5.965214818716049,3.6707048937678337,6.224826067686081
603,8.226996064186096,10.522891730070114,7.94850754737854
604,9.05647188425064,12.063682317733765,11.403187930583954
605,11.159605085849762,8.988813519477844,16.467271864414215
606,9.616847306489944,10.125569999217987,4.995711296796799
607,11.409556210041046,8.320675313472748,11.014835953712463
608,8.011217534542084,6.373941257596016,15.263170778751373
609,7.577343076467514,9.59394645690918,10.704978466033936
610,7.217769026756287,12.948700189590454,8.73213654756546
611,10.82175463438034,6.779574424028397,12.2622509598732
612,12.47278916835785,13.365538358688354,8.612760871648788
613,7.809700787067413,6.9760609567165375,6.792822331190109
614,12.845246315002441,8.138092428445816,3.4119549468159676
615,7.203294098377228,4.32662957906723,4.732557341456413
616,6.746419906616211,6.017276406288147,4.5505296140909195
617,10.035946518182755,7.121916979551315,7.779703289270401
618,16.38962560892105,3.9548159688711166,4.860958755016327
619,5.003118962049484,6.0546715259552,5.290135517716408
620,13.764292478561401,5.901319742202759,6.149977207183838
621,8.022674530744553,6.923040181398392,10.89692884683609
622,8.80585691332817,8.550883948802948,9.721506476402283
623,12.372514247894287,12.564009010791779,9.052228271961212
624,8.215126812458038,6.869313597679138,7.041382253170013
625,8.934389352798462,10.449266165494919,12.037422478199005
626,7.479522377252579,7.181655019521713,8.210005730390549
627,10.605045676231384,4.9567093551158905,6.853845298290253
628,12.097926497459412,15.331197381019592,11.473397433757782
629,16.108064115047455,11.824448347091675,12.479426741600037
630,13.379363775253296,7.931010037660599,6.984254151582718
631,11.810173749923706,8.907868802547455,7.614127665758133
632,10.103144764900208,12.57716253399849,9.133928924798965
633,7.228003591299057,10.571162223815918,9.156471192836761
634,16.584198355674744,10.584709525108337,8.742830336093903
635,8.525918453931808,8.463601410388947,5.182028025388718
636,7.098977714776993,9.07363310456276,5.167512089014053
637,10.403667509555817,9.141938835382462,8.79516026377678
638,7.120174586772919,6.688478231430054,7.228833854198456
639,13.949752867221832,13.032151222229004,7.488497287034988
640,9.859197080135345,13.045612931251526,9.80771553516388
641,11.12697958946228,9.419627785682678,8.771253943443298
642,10.150718957185745,12.47333812713623,8.772152155637741
643,14.597421646118164,8.954613655805588,9.10502776503563
644,12.183198243379593,9.914305448532104,10.851700603961945
645,12.846637070178986,6.683811038732529,5.433766812086105
646,7.552065968513489,11.998622953891754,5.730210840702057
647,7.196962207555771,7.012998104095459,7.520907163619995
648,9.473209619522095,10.839820742607117,6.65737447142601
649,18.708036839962006,8.1518414914608,9.037116676568985
650,8.79378154873848,4.151474565267563,6.991559326648712
651,8.837705820798874,7.1999150812625885,5.130792215466499
652,9.471989333629608,8.240459144115448,5.9552962481975555
653,9.235498368740082,20.4535693526268,8.641868442296982
654,7.240714341402054,11.28972864151001,7.626670181751251
655,8.857829481363297,11.345360338687897,6.000735372304916
656,8.852225363254547,13.451699197292328,8.128722131252289
657,10.028565406799316,12.585624694824219,7.6361768543720245
658,8.549483597278595,7.251125305891037,6.416165322065353
659,16.04662001132965,16.706593334674835,8.465704530477524
660,11.539634883403778,6.512175410985947,7.487696528434753
661,10.066027462482452,7.558357208967209,6.8585459887981415
662,7.386181741952896,7.369872272014618,4.710826173424721
663,10.163294583559036,7.805817008018494,5.8993259370327
664,7.656419068574905,5.054495349526405,7.3596221804618835
665,5.6225816905498505,5.259746640920639,9.55383825302124
666,8.754218935966492,7.699061274528503,8.135861247777939
667,9.324704945087433,5.26699161529541,4.924171149730682
668,7.3327833116054535,14.657459199428558,8.594339281320572
669,8.876921713352203,6.60618069767952,10.675243377685547
670,8.273233652114868,8.104810357093811,13.396227538585663
671,7.804529249668121,8.756166726350784,12.54459798336029
672,7.713031440973282,12.964966475963593,6.681999564170837
673,6.737206041812897,10.274785578250885,14.540615260601044
674,16.99749255180359,4.801223948597908,14.950322926044464
675,8.53432410955429,8.807511627674103,9.49824833869934
676,6.793830007314682,17.55757087469101,3.0343135595321655
677,13.319879412651062,11.227538645267487,7.2782217264175415
678,11.094033062458038,5.05472494661808,5.187942981719971
679,7.968411684036255,4.3872827142477036,4.890728294849396
680,6.261415541172028,18.141768217086792,10.378219962120056
681,7.073376655578613,6.189873933792114,5.281393140554428
682,7.416889250278473,8.641041159629822,7.053190141916275
683,14.41261500120163,11.688894510269165,4.807705044746399
684,8.957542717456818,7.624127805233002,17.135582625865936
685,11.160148710012436,11.248962581157684,14.71756887435913
686,9.64146539568901,8.377986401319504,5.785249292850494
687,7.148173451423645,8.525107473134995,6.727048486471176
688,14.679510116577148,8.528866708278656,6.318163841962814
689,10.544586539268494,13.72208458185196,10.316634118556976
690,12.86672168970108,9.483878552913666,11.488173604011536
691,19.463520884513855,8.01854756474495,4.312820374965668
692,6.108703330159187,9.395504474639893,5.167752429842949
693,5.441422417759895,12.092762291431427,12.365822732448578
694,8.332395315170288,5.125577673316002,4.921264797449112
695,5.5878137946128845,5.596501410007477,9.12839961051941
696,9.967861652374268,5.75235790014267,6.569011718034744
697,7.4960914850234985,9.25498440861702,3.1972540766000748
698,12.113380074501038,6.015242874622345,5.043874591588974
699,9.621156424283981,7.109510838985443,6.397272884845734
700,5.912962049245834,6.526415139436722,10.747273743152618
701,4.9466889798641205,6.5447306632995605,5.519057422876358
702,8.719028979539871,7.522828817367554,8.029064297676086
703,7.646559715270996,9.900627970695496,5.398626610636711
704,7.196954518556595,6.023584008216858,4.987670868635178
705,5.517940372228622,5.735988289117813,5.663533478975296
706,7.447656899690628,4.484745651483536,8.566878587007523
707,8.165901005268097,6.91688597202301,5.154820680618286
708,6.855250805616379,7.9751023054122925,9.468024492263794
709,6.137414440512657,15.634503722190857,4.819141075015068
710,11.541900753974915,9.366548597812653,9.919155687093735
711,10.426884651184082,8.922302722930908,18.580945312976837
712,11.962939321994781,7.498163342475891,6.02668821811676
713,11.612597405910492,8.24554967880249,4.770094379782677
714,6.887521743774414,7.752076745033264,7.2434476017951965
715,10.925171166658401,3.8935729414224625,6.186050593852997
716,6.09314888715744,9.806278049945831,8.665446251630783
717,14.471534132957458,9.518929660320282,11.337486267089844
718,13.649329006671906,8.335973262786865,9.202913224697113
719,8.228226631879807,17.691024005413055,7.195907652378082
720,7.788291424512863,8.655511289834976,8.745196044445038
721,9.08029168844223,5.81823655962944,10.4346122443676
722,13.124982476234436,9.498183608055115,4.599977672100067
723,10.836475104093552,12.94674837589264,10.487010449171066
724,5.706859707832336,6.977967709302902,10.023137599229813
725,6.521390855312347,6.8553564846515656,9.158540606498718
726,5.3669277131557465,9.895468264818192,3.989676371216774
727,9.9011949300766,10.918103873729706,3.771574802696705
728,7.018787860870361,8.820643544197083,5.208326041698456
729,7.263169288635254,9.198012262582779,7.862826824188232
730,9.576595038175583,6.738695830106735,9.166932165622711
731,6.608559742569923,6.514617890119553,10.259660452604294
732,7.5314957201480865,11.88553112745285,11.4836545586586
733,10.660810649394989,8.175006657838821,11.454296469688416
734,5.674517318606377,5.816956639289856,7.662990868091583
735,6.920161694288254,8.833193957805634,12.675224840641022
736,9.33926546573639,5.737510085105896,6.234025090932846
737,7.8027185797691345,6.029064416885376,6.702452480792999
738,6.510628968477249,12.073242545127869,7.995191067457199
739,7.870205491781235,14.242718040943146,15.644103646278381
740,9.271428614854813,8.660415530204773,3.5510322004556656
741,7.1059514582157135,7.74018782377243,8.390536487102509
742,12.024686396121979,14.12455141544342,9.713496655225754
743,13.80856716632843,15.15735799074173,4.423980996012688
744,5.277752339839935,14.13442713022232,4.580998122692108
745,8.363064140081406,6.512556165456772,12.720282256603241
746,12.90830409526825,11.749267041683197,5.174978509545326
747,21.943753123283386,7.487699270248413,6.05610328912735
748,10.950911164283752,6.984494060277939,7.221013456583023
749,7.506084650754929,18.814513027668,14.088564813137054
750,13.14456582069397,7.581059545278549,5.633755534887314
751,11.775734722614288,9.656678974628448,10.443824052810669
752,9.728033930063248,6.819998562335968,6.559286653995514
753,11.211286306381226,11.347470104694366,9.60102093219757
754,9.556771695613861,6.77630352973938,9.871820151805878
755,13.87044382095337,4.62938891351223,5.111645773053169
756,12.918695747852325,9.742148905992508,8.466925382614136
757,12.873065769672394,9.436376601457596,8.490398913621902
758,7.660916745662689,6.258666127920151,7.990444242954254
759,6.622138664126396,8.190973371267319,20.576602697372437
760,8.370566666126251,3.8450304865837097,4.761046722531319
761,9.187325239181519,6.131393790245056,6.568175584077835
762,5.601065695285797,7.423623353242874,10.81216561794281
763,13.24501633644104,19.33387792110443,6.504595339298248
764,8.9218530356884,5.785533964633942,4.892761781811714
765,19.284128665924072,7.920134902000427,7.2525953352451324
766,6.823285013437271,6.642269849777222,6.857222706079483
767,7.9535781145095825,5.5053403079509735,6.720987528562546
768,9.54746213555336,17.504850268363953,8.189119517803192
769,9.795534938573837,8.403605252504349,5.061777681112289
770,7.464712589979172,5.107722625136375,10.59492826461792
771,6.644120097160339,5.188668429851532,6.078878283500671
772,9.370484232902527,4.934155628085136,5.852188885211945
773,7.360186338424683,13.337287366390228,6.136183470487595
774,8.384506076574326,7.865581512451172,12.302261114120483
775,7.596180260181427,6.076569825410843,7.423574507236481
776,13.148861229419708,9.883047252893448,11.432280838489532
777,10.028206318616867,11.688279926776886,6.322658121585846
778,6.887038499116898,8.280231475830078,14.200634598731995
779,7.287876099348068,5.933738946914673,4.159253239631653
780,9.431257098913193,5.16060696542263,6.183150470256805
781,5.682819962501526,13.95799708366394,5.7941102385520935
782,6.744753658771515,8.360667377710342,6.293365806341171
783,5.655220657587051,7.700044572353363,12.670119822025299
784,8.96811032295227,5.230160519480705,8.615894138813019
785,9.706886440515518,6.127333223819733,5.529075980186462
786,5.023220926523209,5.325784340500832,6.254117012023926
787,4.996894136071205,5.897424280643463,10.367797434329987
788,9.051197975873947,7.952041000127792,8.099759340286255
789,7.166979044675827,6.086769387125969,8.663429111242294
790,5.970967516303062,9.602423518896103,7.800143212080002
791,7.0715261697769165,5.357506841421127,7.433617979288101
792,4.835785761475563,5.9212009608745575,9.626802533864975
793,13.362102031707764,5.042079672217369,5.637448310852051
794,12.584815859794617,7.787577420473099,9.705514758825302
795,19.519337236881256,10.236293494701385,16.278432250022888
796,12.026079833507538,17.94765454530716,8.749691396951675
797,9.694675773382187,9.399692475795746,9.566072911024094
798,10.658264756202698,23.76649510860443,8.11931711435318
799,7.095937669277191,5.391860842704773,4.689422518014908
800,5.64148810505867,15.839051306247711,6.955191224813461
801,5.328803867101669,7.288943260908127,8.22092056274414
802,9.036434024572372,5.400508671998978,7.636869847774506
803,6.6992636770009995,7.669214695692062,5.6206196546554565
804,5.385085716843605,5.3247378915548325,9.958322525024414
805,8.134146511554718,7.732266306877136,6.136890709400177
806,10.028146296739578,5.176423355937004,6.998465061187744
807,10.348569810390472,7.582019656896591,7.129374802112579
808,8.239782601594925,11.122702598571777,6.213744789361954
809,13.54106217622757,8.562443435192108,7.460264563560486
810,4.615016885101795,6.7525129318237305,9.592695891857147
811,18.58131980895996,7.20166203379631,9.497163385152817
812,10.162344634532928,13.39144104719162,5.9286272674798965
813,16.148759067058563,10.432194352149963,6.703291714191437
814,19.038823902606964,18.689153790473938,14.410656332969666
815,12.838850617408752,12.098049998283386,11.299538493156433
816,13.179787039756775,5.584830313920975,9.9133859872818
817,14.84144675731659,14.379271805286407,10.278732657432556
818,19.503935515880585,11.851042568683624,7.481998175382614
819,11.09697836637497,19.22469401359558,10.451034963130951
820,14.073423564434052,11.875103056430817,8.430001974105835
821,10.14456132054329,13.709514141082764,10.949632227420807
822,14.209769248962402,9.824869722127914,4.825005307793617
823,10.436996579170227,12.895120680332184,16.993233561515808
824,12.885509431362152,4.537079706788063,4.622690871357918
825,15.526781141757965,12.578455150127411,13.401988625526428
826,11.534622371196747,10.533688724040985,11.575603902339935
827,14.062500476837158,19.638577818870544,11.116965353488922
828,6.548054203391075,10.408616304397583,16.428062200546265
829,21.161294102668762,10.93145215511322,12.080329418182373
830,7.501210391521454,9.935803830623627,14.586084008216858
831,11.775478720664978,9.533572167158127,21.315261244773865
832,11.224190294742584,7.857065856456757,7.69853863120079
833,11.636571705341339,11.489788293838501,5.120336294174194
834,14.256178557872772,12.715927839279175,7.220551043748856
835,10.759397506713867,8.288787186145782,7.469858288764954
836,13.906828939914703,19.775115370750427,9.58515402674675
837,8.486219376325607,9.677885174751282,10.189981460571289
838,10.446319878101349,19.256858587265015,11.770979344844818
839,22.412434697151184,12.254615604877472,7.052872657775879
840,19.8399720788002,19.80100703239441,13.126450419425964
841,10.802169859409332,15.723421156406403,31.22204875946045
842,16.000232756137848,8.65435740351677,6.297912031412125
843,8.917014598846436,5.0430948138237,10.432977974414825
844,12.16100925207138,6.783124506473541,18.227703332901
845,15.586153864860535,10.377054810523987,10.52993780374527
846,16.09810709953308,14.99548065662384,9.930199325084686
847,9.661665171384811,12.616142868995667,6.973180711269379
848,11.496867418289185,10.38619315624237,5.96127063035965
849,11.095494389533997,15.37022751569748,6.522097885608673
850,9.385880649089813,8.157051235437393,8.329996347427368
851,15.858727872371674,12.030541360378265,15.458171486854553
852,8.292458951473236,10.826953530311584,8.903078585863113
853,7.434942036867142,10.575058341026306,9.079642832279205
854,15.84893673658371,7.458215683698654,13.071514368057251
855,5.818378672003746,5.390743866562843,6.533728003501892
856,8.511727839708328,14.629038989543915,8.814203917980194
857,10.15547052025795,12.843997120857239,14.771884500980377
858,13.486187994480133,14.126900970935822,4.523346185684204
859,6.592703819274902,4.91197095811367,3.77958245575428
860,11.580644130706787,7.299176067113876,8.503450751304626
861,20.36391454935074,17.85447084903717,12.449384868144989
862,12.385465204715729,9.158291280269623,5.339849337935448
863,8.860717713832855,6.83452895283699,7.820076882839203
864,10.60968679189682,6.212572306394577,7.1838178634643555
865,8.837281793355942,12.681690335273743,8.588181018829346
866,5.854177087545395,11.799683570861816,10.027416199445724
867,18.333232700824738,11.509833097457886,11.9515882730484
868,10.167142629623413,11.8034029006958,7.961770415306091
869,10.766052603721619,13.813210546970367,6.290861546993256
870,6.374723047018051,11.375950157642365,7.487840533256531
871,11.525367975234985,11.028447926044464,8.702651470899582
872,9.753528267145157,9.463363319635391,7.0061279237270355
873,9.192422956228256,8.004347652196884,5.476590722799301
874,8.826974838972092,13.294804215431213,4.764960497617722
875,8.895180374383926,12.861923456192017,26.255900025367737
876,7.305611729621887,8.689228624105453,11.12802642583847
877,15.371270537376404,9.247101783752441,14.807953655719757
878,7.988929778337479,5.641100123524666,7.006305485963821
879,10.014297813177109,7.444821059703827,9.702830374240875
880,13.986903190612793,13.89153677225113,9.433128625154495
881,13.470964074134827,14.275506854057312,9.407407581806183
882,12.774648129940033,9.144960314035416,8.44563415646553
883,6.24782258272171,6.688433051109314,5.90988951921463
884,7.589333176612854,10.478301167488098,7.388656467199326
885,8.45520555973053,7.188482940196991,6.978908389806747
886,11.67430979013443,8.348924100399017,6.539898037910461
887,18.416655838489532,9.549668341875076,7.673132658004761
888,9.182602435350418,10.353544414043427,10.716356873512268
889,9.76450365781784,17.2648423910141,8.09031629562378
890,5.654728874564171,10.844449162483215,5.989839643239975
891,13.255175709724426,8.914260774850845,15.919134378433228
892,13.08295613527298,12.91695111989975,12.528473317623138
893,11.028810024261475,12.609762132167816,8.806231826543808
894,20.45035308599472,5.212697088718414,4.429327368736267
895,10.957055389881134,11.201763033866882,9.125245302915573
896,13.862558841705322,8.717966258525848,7.04229262471199
897,7.08554208278656,11.556280732154846,13.784962356090546
898,15.81725025177002,8.285915106534958,13.047134697437286
899,8.742263853549957,15.005618751049042,11.010192573070526
900,12.897312700748444,15.44776314496994,8.600727707147598
901,10.930696874856949,16.156951308250427,12.56901091337204
902,13.59132319688797,13.730465650558472,6.448278427124023
903,9.988228648900986,8.607930541038513,7.188684970140457
904,12.23385864496231,12.611915588378906,13.297886669635773
905,12.049621880054474,14.419862508773804,5.535551130771637
906,24.426738262176514,9.355032175779343,5.722217917442322
907,7.237286984920502,12.959041178226471,21.623965084552765
908,11.888652622699738,12.807422876358032,6.439897269010544
909,6.719349220395088,13.846000075340271,18.903757691383362
910,6.593341082334518,8.4915089905262,9.807154953479767
911,13.721197724342346,14.798219382762909,12.921307802200317
912,18.791679441928864,12.579810202121735,11.147181987762451
913,10.65683028101921,12.612893342971802,8.300107449293137
914,10.277140825986862,6.833584368228912,8.883492261171341
915,11.276337742805481,13.489042162895203,14.920556008815765
916,11.698536068201065,4.360880330204964,4.436811804771423
917,8.80794158577919,9.534552574157715,5.638708829879761
918,5.75525538623333,10.196828246116638,5.022638514637947
919,8.981645047664642,7.763087958097458,9.155169069766998
920,6.8597292304039,13.298305690288544,6.658373981714249
921,11.266876429319382,6.478625327348709,4.96585676074028
922,10.435904085636139,12.95813912153244,5.868895769119263
923,14.017189800739288,7.1920201778411865,10.998469352722168
924,5.334173426032066,8.753303796052933,12.723913013935089
925,8.703295022249222,14.057835459709167,8.453688442707062
926,9.62613070011139,15.280654907226562,10.226898103952408
927,13.396837294101715,8.688037812709808,8.460912466049194
928,5.239517718553543,4.369050994515419,10.71721488237381
929,9.572359681129456,10.333878457546234,11.204897403717041
930,10.821815967559814,10.878296732902527,9.196867495775223
931,14.014967143535614,17.710042238235474,15.113985657691956
932,9.48014560341835,7.5986849665641785,7.365692377090454
933,10.723077118396759,12.411205291748047,10.244693100452423
934,9.472875654697418,7.335992634296417,11.007419884204865
935,13.028561294078827,8.702123820781708,8.802764683961868
936,8.050987094640732,9.683934181928635,11.225196838378906
937,12.60692709684372,9.117256909608841,7.064409822225571
938,8.579578220844269,6.322504132986069,11.938584744930267
939,9.770410746335983,10.452344059944153,14.036589622497559
940,7.674421012401581,9.754342019557953,5.162948459386826
941,8.599583327770233,8.40836164355278,9.921119332313538
942,11.068579971790314,7.438922792673111,6.772011995315552
943,13.156062722206116,12.333684504032135,9.629479318857193
944,15.708236813545227,6.848279058933258,8.781061917543411
945,11.881128013134003,14.096577942371368,12.989927530288696
946,8.942778617143631,8.982405692338943,12.600044548511505
947,13.501923620700836,13.454106867313385,9.458884716033936
948,14.000387728214264,10.82081687450409,13.322388887405396
949,15.105948984622955,7.087335079908371,6.11364558339119
950,15.32607614994049,10.443321228027344,8.302203327417374
951,16.61948800086975,15.103528916835785,8.361645817756653
952,11.546369314193726,13.86642336845398,10.251168608665466
953,8.128001093864441,16.063079714775085,7.116500526666641
954,11.810532987117767,9.020362794399261,6.224238902330399
955,11.571310639381409,12.846523702144623,8.903079599142075
956,8.912306010723114,9.611701995134354,10.742425203323364
957,18.233790695667267,7.695458680391312,8.540513515472412
958,9.850545316934586,7.338515639305115,7.867146819829941
959,11.841166377067566,8.118570685386658,7.193956822156906
960,10.276733160018921,4.679014757275581,6.955087125301361
961,24.519429445266724,7.2308270037174225,11.79882401227951
962,12.318637907505035,12.731644958257675,3.3649874553084373
963,13.081605672836304,9.640039622783661,11.16548353433609
964,10.470728725194931,8.798453986644745,8.26009225845337
965,15.584080457687378,12.086848139762878,8.157151073217392
966,8.291025638580322,15.547419786453247,10.726141452789307
967,8.290955245494843,16.965229213237762,8.533982753753662
968,10.208804428577423,11.817123889923096,12.401796519756317
969,11.675720572471619,8.065297603607178,10.550139963626862
970,14.321503281593323,10.809521734714508,6.675381422042847
971,10.378340035676956,8.377089768648148,5.015229418873787
972,18.095239877700806,5.8052054941654205,11.866207599639893
973,15.894377529621124,9.358563214540482,18.907486081123352
974,13.90597540140152,11.56272804737091,10.486503422260284
975,11.948326289653778,5.355639755725861,6.28365632891655
976,21.1701318025589,10.60159021615982,10.784632384777069
977,16.737094700336456,9.731891691684723,15.488494753837585
978,6.422607511281967,7.570423007011414,6.918632596731186
979,6.267278730869293,7.466426342725754,10.092748403549194
980,8.020864486694336,6.000221490859985,6.878136247396469
981,6.2942908853292465,13.599603116512299,7.9512717723846436
982,10.474158734083176,8.372036457061768,3.628180205821991
983,8.91608926653862,8.234479904174805,8.054330259561539
984,12.10897147655487,11.371163666248322,9.046047061681747
985,7.581061810255051,6.40546053647995,10.254214406013489
986,8.954230785369873,8.331867039203644,7.340771555900574
987,10.664814412593842,10.3260178565979,11.241536766290665
988,12.449924290180206,11.028763055801392,5.240555256605148
989,7.952003061771393,7.376181870698929,5.455972209572792
990,7.492732137441635,9.616534352302551,6.648455768823624
991,6.656027525663376,4.828466296195984,4.6847178637981415
992,8.905598372220993,5.067933097481728,14.25984501838684
993,10.928074926137924,8.087557256221771,5.81328821182251
994,9.889574229717255,6.573957771062851,6.3691641092300415
995,12.86593347787857,7.108668863773346,5.842845529317856
996,9.505660593509674,8.981490820646286,8.35404920578003
997,7.624017685651779,8.637885212898254,9.703774601221085
998,9.03491747379303,5.729746550321579,8.409659504890442
999,9.21046245098114,8.749038070440292,9.45446401834488
1000,11.31626284122467,6.150294929742813,31.017210721969604
1001,14.805461347103119,5.186145573854446,13.11744248867035
1002,9.446641474962234,7.940807104110718,9.390617281198502
1003,10.776892900466919,9.597383797168732,12.20453667640686
1004,11.751609742641449,8.909891545772552,16.257874608039856
1005,10.178000032901764,10.496469736099243,9.279183715581894
1006,10.831848204135895,15.87264883518219,14.37788462638855
1007,11.371512770652771,8.419564455747604,11.351340532302856
1008,5.5692514926195145,9.852209657430649,9.340578466653824
1009,10.13794121146202,7.409969657659531,6.447948336601257
1010,11.279389679431915,6.811338871717453,8.190825402736664
1011,10.426815271377563,6.643935710191727,11.547933101654053
1012,9.811211198568344,4.783701792359352,8.835742205381393
1013,6.248183682560921,6.421609818935394,8.383473217487335
1014,6.82186621427536,12.343484938144684,10.740413188934326
1015,8.765199780464172,9.072012484073639,4.640345066785812
1016,15.124451160430908,7.316449522972107,4.736258044838905
1017,9.780109137296677,5.900861948728561,8.203569799661636
1018,6.5647352039813995,11.186626195907593,9.453610360622406
1019,8.169787466526031,11.418729841709137,11.48051518201828
1020,15.143696308135986,10.125977456569672,5.2216013967990875
1021,5.389707982540131,10.852848410606384,5.60753358900547
1022,10.999815255403519,6.646079272031784,18.817025423049927
1023,14.761356770992279,17.16060709953308,9.961318910121918
1024,9.473998814821243,14.585142135620117,12.915762960910797
1025,10.946588516235352,8.593758314847946,11.456368803977966
1026,12.365467965602875,9.985673576593399,11.947363376617432
1027,13.629470825195312,10.827113032341003,9.28828340768814
1028,13.520960092544556,11.006608963012695,11.585243284702301
1029,7.570871472358704,7.7157668471336365,13.448778808116913
1030,14.429490745067596,11.498015522956848,7.3060484528541565
1031,8.120767951011658,11.795252680778503,10.257024765014648
1032,10.098590403795242,12.83287227153778,9.661541938781738
1033,9.499746650457382,5.524781793355942,16.43184006214142
1034,17.403458535671234,7.813338398933411,9.340471357107162
1035,13.857262790203094,7.209177196025848,5.693411201238632
1036,10.319637417793274,3.716061592102051,9.277382463216782
1037,6.60795783996582,7.592314392328262,10.469864308834076
1038,6.368988260626793,5.490661591291428,8.305993139743805
1039,8.946944445371628,10.494346499443054,5.334349483251572
1040,8.665011882781982,6.842846751213074,4.098231837153435
1041,16.79349160194397,10.996690928936005,10.951204031705856
1042,18.29396963119507,10.34475725889206,7.367802143096924
1043,11.287310034036636,10.572886407375336,15.105026245117188
1044,11.386907815933228,11.898915827274323,16.18226432800293
1045,13.827976524829865,8.620005875825882,7.921354740858078
1046,14.678203642368317,5.263459771871567,10.63105684518814
1047,8.198152363300323,8.179523915052414,9.059401720762253
1048,9.340516060590744,9.169068455696106,8.94640377163887
1049,13.922638952732086,17.581664443016052,9.01202729344368
1050,13.820391118526459,19.426890790462494,10.31207674741745
1051,7.843787640333176,6.9650885462760925,8.55819720029831
